strategy,cost_bp_roundtrip,ann_return_pct,sharpe,days_in_market,n
every day,0.0,0.7071138600994129,0.04652861304098993,8430.0,8430
sunny mornings only,0.0,0.4526144457732153,0.04769233208714778,3381.0,8430
cloudy mornings only,0.0,0.25449941432619755,0.0214406204221824,5049.0,8430
every day,1.0,-1.8128861399005873,-0.11928924385522505,8430.0,8430
sunny mornings only,1.0,-0.5580759456858593,-0.058804685177208244,3381.0,8430
cloudy mornings only,1.0,-1.2548101942147276,-0.10571154387322641,5049.0,8430
every day,2.0,-4.332886139900588,-0.28510710075144,8430.0,8430
sunny mornings only,2.0,-1.5687663371449347,-0.1652898455048892,3381.0,8430
cloudy mornings only,2.0,-2.7641198027556544,-0.2328500829444373,5049.0,8430
"sunny minus cloudy mornings, mean open-close (bp)",,0.2792072462204988,0.131836738382928,,8430
