exchange,var,coef,se,t,p,n,q_bh,fdr_reject
Amsterdam,cloud_z,-0.0012581586026977965,0.010627593603746172,-0.11838602882352427,0.45288089765627504,8593,0.8368536004365539,False
Amsterdam,sun_z,0.001573502039011208,0.011164629291335017,0.14093634440978878,0.44396011500303284,8593,0.8368536004365539,False
Amsterdam,temp_z,-0.009375889858547664,0.010349040291500411,-0.9059670843341882,0.1824766373986425,8593,0.563447599439998,False
Amsterdam,wind_z,-0.002878014535844992,0.011195137290691107,-0.257077198886886,0.39855958940599806,8593,0.8368536004365539,False
Amsterdam,rain_a,-0.0195080449391242,0.025138610103145907,-0.7760192333259871,0.2188688148680757,8593,0.5965016727120046,False
Amsterdam,humid_z,0.007907125724680792,0.011061546752104235,0.7148300234934705,0.4747140807493512,8593,0.8368536004365539,False
Amsterdam,press_z,0.025720561982510402,0.010498642079694778,2.449894166051822,0.014289820946032506,8593,0.1750503065888982,False
Athens,cloud_z,-0.010294727770688746,0.011573147368279373,-0.8895357021811867,0.18685762226326463,7191,0.563447599439998,False
Athens,sun_z,0.000201106433836513,0.01249403148859182,0.01609620033534743,0.4935788224082671,7191,0.8368536004365539,False
Athens,temp_z,-0.00423174129690975,0.012365202075543504,-0.34222985366971825,0.3660889600869656,7191,0.8356983657020364,False
Athens,wind_z,0.02073925558511516,0.01181148684693287,1.755854775429953,0.9604433956471792,7191,0.9721557812311853,False
Athens,rain_a,-0.09467489339376141,0.045343696217594626,-2.0879394776164033,0.018401647244443278,7191,0.18982751894267805,False
Athens,humid_z,-0.023539282166139572,0.011608853731466761,-2.027700814451163,0.04259079248409108,7191,0.28785501127178803,False
Athens,press_z,0.02204086625746515,0.012424494248215076,1.7739849862002695,0.07606563377317864,7191,0.4017481061120266,False
Brussels,cloud_z,-0.013549408391203395,0.010591225179947145,-1.279305100306725,0.10039481863117555,8932,0.42776922721109584,False
Brussels,sun_z,0.018924198326400223,0.010967010737566802,1.725556651602116,0.0422136018079851,8932,0.28785501127178803,False
Brussels,temp_z,0.0010427327532875033,0.010701926934515469,0.09743411253580131,0.5388091721458663,8932,0.851666110811208,False
Brussels,wind_z,-0.02537405356511854,0.010868820893350738,-2.334572794427197,0.009782874578031087,8932,0.147495647484161,False
Brussels,rain_a,-0.004353783558890085,0.02515922559647416,-0.17304918794878285,0.4313063822055109,8932,0.8368536004365539,False
Brussels,humid_z,0.0010128457036544256,0.010419387265334873,0.09720779906359238,0.9225613746227989,8932,0.9478786674815451,False
Brussels,press_z,0.03161687033411817,0.010530610041888391,3.0023778497497666,0.0026787945405695804,8932,0.055403359342290646,True
Buenos Aires,cloud_z,-0.01590415835970443,0.012748303363125517,-1.2475509804471103,0.10609776977045732,7135,0.4400996497137373,False
Buenos Aires,sun_z,0.016441292142279323,0.012663346640446632,1.2983370517368578,0.0970857698150644,7135,0.42286246408339156,False
Buenos Aires,temp_z,0.0008738066414896689,0.011973901715366338,0.07297593234528525,0.5290873651798659,7135,0.8500092096332271,False
Buenos Aires,wind_z,0.00706385905184906,0.0126374518476457,0.5589622921621676,0.7119062724764182,7135,0.9060625286063505,False
Buenos Aires,rain_a,-0.0721948153555048,0.035549032145878026,-2.030851784072437,0.02113501606424011,7135,0.19016107964117304,False
Buenos Aires,humid_z,-0.006419480787398595,0.011907998710182322,-0.5390898121201012,0.5898248849586549,7135,0.8851555034457264,False
Buenos Aires,press_z,-0.00367534364624495,0.012441168319593264,-0.2954178861527618,0.7676746715198942,7135,0.9230934700484618,False
Dublin,cloud_z,0.016234877999979785,0.011349930265271308,1.430394515255791,0.923698089229465,7323,0.9478786674815451,False
Dublin,sun_z,-0.013679035045710435,0.0119728006139136,-1.1425092162492057,0.8733787913157536,7323,0.9303382777059114,False
Dublin,temp_z,0.02169136492802482,0.01213000308413472,1.7882406770692219,0.9631314069008936,7323,0.9721557812311853,False
Dublin,wind_z,0.009927912209788505,0.012113879649864425,0.8195485258844895,0.7937632360573401,7323,0.92355056469839,False
Dublin,rain_a,-0.04153049115391284,0.02725671069671106,-1.5236794936860862,0.06379439722582894,7323,0.35724862446464206,False
Dublin,humid_z,-0.00700318199462522,0.012870017196354454,-0.5441470580636778,0.5863402799934874,7323,0.8851555034457264,False
Dublin,press_z,0.005763367014461768,0.012065844972590277,0.47765962744874363,0.6328924837431282,7323,0.8948059486364699,False
Frankfurt,cloud_z,-0.009427573156575665,0.010112799787528038,-0.9322416496569573,0.1756058277275424,9735,0.563447599439998,False
Frankfurt,sun_z,0.013736921776957445,0.010470928377184748,1.3119105853965172,0.09477515274794612,9735,0.42286246408339156,False
Frankfurt,temp_z,-0.009461294598125707,0.01052600075457105,-0.8988498878851988,0.18436631158824313,9735,0.563447599439998,False
Frankfurt,wind_z,-0.016948323415210957,0.010170242426417458,-1.6664620866054545,0.04781070678172452,9735,0.30311517338734123,False
Frankfurt,rain_a,-0.02582258952450775,0.02438820402206345,-1.058814724575317,0.14484208320742203,9735,0.5257231168269393,False
Frankfurt,humid_z,-0.004961311079626356,0.009591354274992511,-0.517269088116363,0.6049683295423147,9735,0.8851555034457264,False
Frankfurt,press_z,0.030925995181155984,0.009747986071104966,3.172552253929352,0.0015110536433184574,9735,0.037609506250284565,True
Hong Kong,cloud_z,-0.0033946795279657933,0.009607536661814024,-0.35333505845033486,0.36191863275767305,9731,0.8356983657020364,False
Hong Kong,sun_z,0.0032017752123485567,0.009399049085892706,0.34064884469580975,0.3666839767876282,9731,0.8356983657020364,False
Hong Kong,temp_z,-0.007032218843442135,0.010014628748843539,-0.7021946614101093,0.2412788872394947,9731,0.6305421586525461,False
Hong Kong,wind_z,0.006949248160868595,0.010201103786589035,0.6812251209525465,0.7521354725374256,9731,0.9110887774536216,False
Hong Kong,rain_a,0.03122051598221769,0.02388186040510642,1.3072899452817386,0.9044428711321475,9731,0.9478786674815451,False
Hong Kong,humid_z,-0.0021408623568166963,0.00933633602946017,-0.229304338453688,0.8186323817136691,9731,0.92355056469839,False
Hong Kong,press_z,0.012297046216357237,0.010016624359478307,1.2276637093534475,0.21957323500460568,9731,0.5965016727120046,False
Istanbul,cloud_z,0.014661149363859493,0.011416380747671923,1.2842204274633409,0.9004675801749793,7236,0.9478786674815451,False
Istanbul,sun_z,-0.00987700373200878,0.011776474827082266,-0.8387063087244676,0.7991829313657648,7236,0.92355056469839,False
Istanbul,temp_z,0.011435072915908107,0.011854965300229942,0.9645808845755381,0.8326226112037967,7236,0.92355056469839,False
Istanbul,wind_z,0.009267106507201974,0.01212774809618737,0.7641242573396868,0.7776034010116405,7236,0.92355056469839,False
Istanbul,rain_a,-0.01858817468473875,0.03122752226333644,-0.5952497456566616,0.275838271301736,7236,0.7113723838834244,False
Istanbul,humid_z,-0.002190434851661599,0.012513604142013888,-0.17504428195129718,0.8610448387325949,7236,0.9303382777059114,False
Istanbul,press_z,0.0024208300542445005,0.012094045084769751,0.20016711011711832,0.8413498889256362,7236,0.92355056469839,False
Jakarta,cloud_z,0.009509564586473507,0.01036861610326273,0.9171488742341514,0.8204676834078468,8806,0.92355056469839,False
Jakarta,sun_z,-0.0006769492034787692,0.01025285005630386,-0.06602546606663325,0.5263212246508066,8806,0.8500092096332271,False
Jakarta,temp_z,-0.005310875215134148,0.01089331335044178,-0.4875353388157851,0.31293950292871964,8806,0.7764068680256841,False
Jakarta,wind_z,-0.0034426473269541518,0.011601822612051066,-0.2967333187268524,0.3833350587078621,8806,0.836506297109386,False
Jakarta,rain_a,0.025859928599244523,0.026797605912489492,0.9650089147401056,0.8327298266727456,8806,0.92355056469839,False
Jakarta,humid_z,0.009268379824752144,0.010480778179983077,0.8843217235962062,0.37652256467110035,8806,0.836506297109386,False
Jakarta,press_z,-0.004846881913527308,0.010784976205491582,-0.44941053379972534,0.6531355338461248,8806,0.8948059486364699,False
Kuala Lumpur,cloud_z,-0.010737247649029119,0.01133671602285773,-0.9471215145003254,0.17178843141824818,7990,0.563447599439998,False
Kuala Lumpur,sun_z,0.013894726515003009,0.010203247654330491,1.3617944977652061,0.08663137425770046,7990,0.42286246408339156,False
Kuala Lumpur,temp_z,0.01023008431869146,0.010373203138066587,0.9862030254811147,0.8379832525298794,7990,0.92355056469839,False
Kuala Lumpur,wind_z,0.002977648647715753,0.011163981069524131,0.2667192490897583,0.6051573339884048,7990,0.8851555034457264,False
Kuala Lumpur,rain_a,-0.019482046151702848,0.02443691578421898,-0.7972383390658522,0.21265631182465305,7990,0.5965016727120046,False
Kuala Lumpur,humid_z,-0.017711243914541958,0.010624311390429879,-1.6670486456652442,0.09550473237747223,7990,0.42286246408339156,False
Kuala Lumpur,press_z,-0.0167353699441575,0.010763418153994125,-1.5548378502741047,0.11998469211106624,7990,0.479938768444265,False
London,cloud_z,-0.010244866610456139,0.009105389322122865,-1.12514317049187,0.13026418509612897,10714,0.49099577459310145,False
London,sun_z,0.017919506932434222,0.009611444378121921,1.8643927205388144,0.03113328720019223,10714,0.24408497164950707,False
London,temp_z,-0.0025691639884337977,0.00935142105276625,-0.27473514174338365,0.39175986522116635,10714,0.836506297109386,False
London,wind_z,-0.014646231553525,0.00949829278519335,-1.541985689929104,0.061538535526003905,10714,0.35475155773814016,False
London,rain_a,-0.041502662139746904,0.023163348614380977,-1.7917384412191575,0.03658743686489269,10714,0.26559768983403587,False
London,humid_z,-0.006670633906881027,0.009405041933382475,-0.7092614742316166,0.4781622312498739,10714,0.8368536004365539,False
London,press_z,0.02780243628639805,0.009407755176337766,2.9552678365107004,0.003123977177861921,10714,0.055403359342290646,True
Madrid,cloud_z,-0.010731648920484196,0.011041385591868961,-0.9719476628356445,0.1655382931726525,8339,0.563447599439998,False
Madrid,sun_z,0.009313662793159457,0.01063983439786537,0.8753578716439442,0.19068960732714751,8339,0.5642350227105658,False
Madrid,temp_z,0.015451881223540805,0.011343467206402273,1.3621832674598588,0.9134299724642445,8339,0.9478786674815451,False
Madrid,wind_z,-0.0013734841229361403,0.011370479717559192,-0.12079385892708623,0.4519271571768601,8339,0.8368536004365539,False
Madrid,rain_a,-0.01414397490289556,0.037813112346151936,-0.37404947716066345,0.35418375303530536,8339,0.8356983657020364,False
Madrid,humid_z,-0.006634960901524545,0.010304406152140986,-0.643895514555778,0.5196431906062329,8339,0.8500092096332271,False
Madrid,press_z,0.024425707824698287,0.010634252501599988,2.2968899620376035,0.02162504776236665,8339,0.19016107964117304,False
Mexico City,cloud_z,0.0038985003441226788,0.010828083615760146,0.3600360398444336,0.6405899088106194,8669,0.8948059486364699,False
Mexico City,sun_z,-0.006756970751683156,0.011177151228334476,-0.6045342514963915,0.7272557478270254,8669,0.9091426033840655,False
Mexico City,temp_z,-0.015255482622768959,0.010747772576027489,-1.419408767245015,0.07788993894008679,8669,0.4017481061120266,False
Mexico City,wind_z,0.015969548846084668,0.011674394789652839,1.3679123529588597,0.914330243693383,8669,0.9478786674815451,False
Mexico City,rain_a,0.015729600654731737,0.029765284153876147,0.5284545772657564,0.7014080671721002,8669,0.9060625286063505,False
Mexico City,humid_z,0.002477329389400547,0.010833035557603362,0.22868284482476275,0.8191154293425797,8669,0.92355056469839,False
Mexico City,press_z,0.003861976063418549,0.010867956176049411,0.3553544015874389,0.7223241047520542,8669,0.9091426033840655,False
Milan,cloud_z,-0.006852602965494956,0.012308009323552466,-0.5567596501882635,0.28884582783812357,7223,0.7258177212342592,False
Milan,sun_z,0.006761806820414322,0.0121444131909864,0.5567833302504023,0.2888377372805119,7223,0.7258177212342592,False
Milan,temp_z,0.010183785112761844,0.011357971006477147,0.8966201011566506,0.8150391658959959,7223,0.92355056469839,False
Milan,wind_z,-0.0009356496748189695,0.011825951549585927,-0.07911834163160683,0.4684692473659085,7223,0.8368536004365539,False
Milan,rain_a,-0.010521884404592433,0.029969608834629537,-0.3510851430411236,0.3627622367685672,7223,0.8356983657020364,False
Milan,humid_z,-0.0037130989209244957,0.011801485904444686,-0.3146297806046665,0.7530427650381974,7223,0.9110887774536216,False
Milan,press_z,0.02696831977315994,0.011802503666445847,2.2849660152896236,0.022314820570137655,7223,0.19016107964117304,False
Mumbai,cloud_z,0.010852569868161268,0.011036391182151462,0.9833440740767255,0.8372809374190804,7139,0.92355056469839,False
Mumbai,sun_z,-0.010516049616399683,0.010303792880849146,-1.0205998643417067,0.8462779731121668,7139,0.92355056469839,False
Mumbai,temp_z,-0.00015231415815295662,0.011796260576067167,-0.012912071344200303,0.4948489719448979,7139,0.8368536004365539,False
Mumbai,wind_z,0.012646073982867882,0.011109041626669732,1.138358681860383,0.872514630172506,7139,0.9303382777059114,False
Mumbai,rain_a,0.042351809882521324,0.046007618143388905,0.920539067041598,0.8213544362911076,7139,0.92355056469839,False
Mumbai,humid_z,0.005345792952571916,0.011515152322887651,0.4642398817379563,0.6424758906432286,7139,0.8948059486364699,False
Mumbai,press_z,-0.0059080644354162805,0.011200080976225178,-0.5275019393125412,0.5978450700612632,7139,0.8851555034457264,False
New York,cloud_z,-0.024950193538828585,0.008062953325224765,-3.0944236599723918,0.0009859783772350732,17911,0.03220862698967906,True
New York,sun_z,0.023646486399298755,0.00798699375155622,2.9606241265296314,0.001535081887766717,17911,0.037609506250284565,True
New York,temp_z,0.004990493917315184,0.007619232298838023,0.6549864502853212,0.7437617610217426,17911,0.9110887774536216,False
New York,wind_z,0.003572940612545529,0.007987742791051146,0.44730291222551355,0.6726718177110471,17911,0.9060625286063505,False
New York,rain_a,-0.04535203947890038,0.020019914702539537,-2.265346289070225,0.0117457187842318,17911,0.16140456250566898,False
New York,humid_z,-0.0092242104270421,0.007785908320984314,-1.1847314464493914,0.2361236449413996,17911,0.6254085730880314,False
New York,press_z,-0.0043703370730967805,0.007592987266255062,-0.575575451379925,0.5649021779218575,17911,0.8851555034457264,False
Paris,cloud_z,-0.0013672591767527166,0.010303962177059037,-0.13269256556442063,0.44721826134574194,9211,0.8368536004365539,False
Paris,sun_z,0.008096472160891462,0.01058504887386882,0.7648970030624159,0.2221664393264099,9211,0.5965016727120046,False
Paris,temp_z,-0.004388209854793182,0.01040861904681861,-0.42159385746127737,0.33666074527543943,9211,0.8146358774566188,False
Paris,wind_z,-0.021071142855978036,0.010832848891118027,-1.9451155524983368,0.025880536235976602,9211,0.21135771259380892,False
Paris,rain_a,-0.033663131311030464,0.02547404732295387,-1.321467722983213,0.09317272894279233,9211,0.42286246408339156,False
Paris,humid_z,0.004923064005886107,0.010187861096706462,0.48322841852227827,0.6289335591864326,9211,0.8948059486364699,False
Paris,press_z,0.033790827947761205,0.009824574144607834,3.439419098517072,0.0005829639935145379,9211,0.02599281106569237,True
Sao Paulo,cloud_z,0.002957202456545519,0.011189328774352855,0.2642877438120994,0.6042208981711077,8196,0.8851555034457264,False
Sao Paulo,sun_z,0.0012127228015812528,0.01154772797491131,0.10501830353261044,0.45818064245605983,8196,0.8368536004365539,False
Sao Paulo,temp_z,0.0007090005781435096,0.01115734719557909,0.06354562296174122,0.5253339846209129,8196,0.8500092096332271,False
Sao Paulo,wind_z,-0.012225143837726656,0.011846279729053784,-1.0319816952949104,0.15104034630827767,8196,0.5315166664436285,False
Sao Paulo,rain_a,0.012503208885709546,0.027289264243132834,0.45817317661306667,0.6765859853850642,8196,0.9060625286063505,False
Sao Paulo,humid_z,-0.0011914264659322272,0.01058980373225951,-0.11250694498735687,0.9104214634027643,8196,0.9478786674815451,False
Sao Paulo,press_z,-0.001905595023936938,0.011191704248308449,-0.17026852940873202,0.864798959733609,8196,0.9303382777059114,False
Seoul,cloud_z,0.007011923721139593,0.011383981422127628,0.6159465182813948,0.7310350909138642,7268,0.9091426033840655,False
Seoul,sun_z,-0.004545767024561136,0.011213025879281167,-0.4054005647985316,0.6574084520594473,7268,0.8948059486364699,False
Seoul,temp_z,-0.015977331449299897,0.010911960728413325,-1.4642035328900156,0.07156917261461945,7268,0.3896543842351503,False
Seoul,wind_z,-0.013653734214609779,0.011893248157330661,-1.1480239909224466,0.12547933001688,7268,0.4907109758572178,False
Seoul,rain_a,-0.0003735362830877805,0.03157587216871792,-0.011829800966126321,0.49528070229918497,7268,0.8368536004365539,False
Seoul,humid_z,0.008388994233618738,0.011215532377198462,0.7479800290776952,0.45447220364850816,7268,0.8368536004365539,False
Seoul,press_z,-0.005354802689063605,0.011722688422090632,-0.45678964553667,0.6478222489460714,7268,0.8948059486364699,False
Shanghai,cloud_z,-0.0018056359094174982,0.012066823027887055,-0.14963639602939233,0.44052574578920345,7021,0.8368536004365539,False
Shanghai,sun_z,0.00025233563341792636,0.012844170477942004,0.019645926831263736,0.4921629132894315,7021,0.8368536004365539,False
Shanghai,temp_z,0.006950834120979653,0.012744168861211295,0.5454129019064957,0.7072652155537714,7021,0.9060625286063505,False
Shanghai,wind_z,0.00376579090237823,0.012005327070364674,0.31367666039471265,0.6231166854827151,7021,0.8948059486364699,False
Shanghai,rain_a,0.028238392418623748,0.029749760679520364,0.9491972968395327,0.8287398619293147,7021,0.92355056469839,False
Shanghai,humid_z,0.01729879645309971,0.012071855034889062,1.4329857675646518,0.15186190469817956,7021,0.5315166664436285,False
Shanghai,press_z,-0.006763310509817986,0.01259082673925916,-0.5371617487777405,0.5911558907747136,7021,0.8851555034457264,False
Singapore,cloud_z,0.018206514637633658,0.009888987627978584,1.841089838774049,0.967195802755516,9601,0.9721557812311853,False
Singapore,sun_z,0.0007259527407869062,0.009620440645076717,0.07545940644188831,0.4699245971899084,9601,0.8368536004365539,False
Singapore,temp_z,0.004930616311596707,0.009556534837369566,0.5159418550242901,0.6970524899685921,9601,0.9060625286063505,False
Singapore,wind_z,0.01781165566719214,0.01012716156779918,1.758800385275471,0.9606942903304008,9601,0.9721557812311853,False
Singapore,rain_a,-0.025400639376881133,0.022332143547278766,-1.1374026556432497,0.12768499881999035,9601,0.4907109758572178,False
Singapore,humid_z,-0.00998683717972244,0.010103551247854088,-0.9884482133787922,0.3229331849862861,9601,0.7911863032164009,False
Singapore,press_z,-0.006937063689268511,0.009705487899879718,-0.7147568222051447,0.4747593196273323,9601,0.8368536004365539,False
Sydney,cloud_z,-0.012092054982936203,0.009043713552800417,-1.3370674460594627,0.0906003111033562,10592,0.42286246408339156,False
Sydney,sun_z,0.007707842967265112,0.008510415662970871,0.9056952412797201,0.1825485909875465,10592,0.563447599439998,False
Sydney,temp_z,0.0020767191065043295,0.008724612563917062,0.23802995162136478,0.5940710681542807,10592,0.8851555034457264,False
Sydney,wind_z,-0.0006352154266090042,0.009089504772531178,-0.06988449233545141,0.47214279813631876,10592,0.8368536004365539,False
Sydney,rain_a,-0.004771185435375072,0.022912821022431893,-0.20823212605309627,0.41752386268590536,10592,0.8368536004365539,False
Sydney,humid_z,-0.01265614311091014,0.00857034284188018,-1.4767370855999045,0.13974612699182842,10592,0.5167969979320447,False
Sydney,press_z,-0.011104744851795864,0.008528220956578871,-1.3021173945111497,0.19287625776330564,10592,0.5642350227105658,False
Taipei,cloud_z,-0.028593836337153178,0.010503090361018794,-2.7224212450153185,0.0032402738864557726,7101,0.055403359342290646,True
Taipei,sun_z,0.03819040810578567,0.010982886133785794,3.4772652325242177,0.0002532782236078378,7101,0.02599281106569237,True
Taipei,temp_z,0.022222558074640592,0.011393187512009382,1.9505127999706964,0.9744424853661707,7101,0.9744424853661707,False
Taipei,wind_z,-0.024366966869209545,0.01163703971533844,-2.0939145577626723,0.01813379610496714,7101,0.18982751894267805,False
Taipei,rain_a,-0.06416127739829101,0.02369969926694041,-2.7072612473100857,0.003392042408711672,7101,0.055403359342290646,True
Taipei,humid_z,-0.027051267359029164,0.010812228773085918,-2.5019140758809955,0.01235238998767875,7101,0.16140456250566898,False
Taipei,press_z,-0.004338369586007189,0.011623996581058747,-0.37322529783573266,0.7089807693321455,7101,0.9060625286063505,False
Tokyo,cloud_z,-0.025733186911108378,0.008015927566938199,-3.210256916148451,0.0006630819149411319,14918,0.02599281106569237,True
Tokyo,sun_z,0.02653945479851769,0.008214113975620392,3.2309577000376635,0.0006168809847400925,14918,0.02599281106569237,True
Tokyo,temp_z,0.0004045988523883259,0.00812373297582397,0.04980454842526239,0.5198609289678856,14918,0.8500092096332271,False
Tokyo,wind_z,0.004139823160010495,0.00847294385380098,0.48859324827856165,0.6874351530027729,14918,0.9060625286063505,False
Tokyo,rain_a,-0.03777757154744676,0.02107678843887772,-1.7923779828696855,0.03653621958691928,14918,0.26559768983403587,False
Tokyo,humid_z,-0.016099518740424982,0.0081397649686069,-1.9778849638186018,0.047941685586773364,14918,0.30311517338734123,False
Tokyo,press_z,-0.007528674155963741,0.008418760532986543,-0.8942734653711495,0.3711755934852181,14918,0.8362116818747443,False
Toronto,cloud_z,-0.0003989897724098907,0.009434650962393692,-0.042289828632797864,0.48313382680447253,11784,0.8368536004365539,False
Toronto,sun_z,-0.0007965290447513541,0.009464503011797873,-0.08415962716250917,0.5335352414392733,11784,0.8501862383910372,False
Toronto,temp_z,0.002731489343020433,0.009674169946593102,0.2823487036200316,0.611161928021755,11784,0.8873165769797331,False
Toronto,wind_z,-0.00919560538047946,0.009656805950237326,-0.9522408783883111,0.17048741689458546,11784,0.563447599439998,False
Toronto,rain_a,0.009707372625870151,0.024273166997369408,0.39992196432060895,0.6553930029512295,11784,0.8948059486364699,False
Toronto,humid_z,-0.006202492252660732,0.009427451676620499,-0.6579182228048468,0.510590680464609,11784,0.8500092096332271,False
Toronto,press_z,-0.008392442322982752,0.009768727654670259,-0.8591131434573746,0.3902780966072813,11784,0.836506297109386,False
Vienna,cloud_z,-0.01032110142413262,0.011048031820011895,-0.9342027242750562,0.17509966536242105,8354,0.563447599439998,False
Vienna,sun_z,0.002503270204011284,0.010664760174668327,0.23472353461423576,0.40721166000253156,8354,0.8368536004365539,False
Vienna,temp_z,-0.014575942557981014,0.010993064171813538,-1.3259217202928786,0.0924328138247501,8354,0.42286246408339156,False
Vienna,wind_z,0.00706681991927051,0.011369718878069736,0.6215474626115172,0.7328802619116447,8354,0.9091426033840655,False
Vienna,rain_a,-0.033855434728099335,0.027337522542806667,-1.2384236601940262,0.10777950605234382,8354,0.4400996497137373,False
Vienna,humid_z,-0.007587723431802826,0.010941761630495454,-0.6934645158650972,0.48801808681374537,8354,0.8368536004365539,False
Vienna,press_z,0.02675816640612054,0.01106067808943651,2.4192157288869933,0.01555401269580902,8354,0.17932861696344518,False
Wellington,cloud_z,-0.001773111151293961,0.012829490710411971,-0.13820588761601935,0.44503885105434837,5794,0.8368536004365539,False
Wellington,sun_z,-0.0032128782246481935,0.01299726316885871,-0.2471965199832386,0.5976219307990326,5794,0.8851555034457264,False
Wellington,temp_z,-0.009875366189733776,0.011966158181786321,-0.8252745818424047,0.20460785957469746,5794,0.5897520658329515,False
Wellington,wind_z,0.010922180419429085,0.012199845499942677,0.8952720277875983,0.8146791552890673,5794,0.92355056469839,False
Wellington,rain_a,0.020152915732825377,0.03078667624181879,0.6545986183935911,0.7436368930680239,5794,0.9110887774536216,False
Wellington,humid_z,-0.02389225473876483,0.01246860157485662,-1.9161936160462785,0.05534045566339769,5794,0.32868876697048327,False
Wellington,press_z,0.01065248175614115,0.012461535080947777,0.8548290147999136,0.39264581292889544,5794,0.836506297109386,False
Zurich,cloud_z,0.005824431013585382,0.01099889826536128,0.5295467666910061,0.7017868943791825,8937,0.9060625286063505,False
Zurich,sun_z,-0.005418754222351411,0.010678050335555708,-0.5074666303368206,0.6940862777064052,8937,0.9060625286063505,False
Zurich,temp_z,-0.021237755137303818,0.010370102530768296,-2.0479792822000538,0.02028101473439201,8937,0.19016107964117304,False
Zurich,wind_z,-0.017958535387171497,0.01115002997328967,-1.610626646761656,0.053630561165594275,8937,0.32848718713926495,False
Zurich,rain_a,-0.01818109473304328,0.023027084996714676,-0.7895525958078158,0.21489455096505838,8937,0.5965016727120046,False
Zurich,humid_z,0.0019738288885075683,0.010308904740698272,0.19146834102706736,0.8481586818658684,8937,0.92355056469839,False
Zurich,press_z,0.036524164590354666,0.010476821184692462,3.486187646661338,0.0004899571912547231,8937,0.02599281106569237,True
